#{"t_start": 1734272835.4219801, "env_id": "Pendulum-v1"}
r,l,t
-1148.328027,200,1.47605
-1472.753365,200,1.726114
-1470.554066,200,1.965053
-1546.146961,200,2.218224
-1421.643813,200,2.459261
-1301.533611,200,3.411889
