#{"t_start": 1734271488.7544632, "env_id": "Pendulum-v1"}
r,l,t
-1365.383264,200,2.848756
-1291.699069,200,5.976286
-1502.982167,200,9.054143
