#{"t_start": 1734272764.1810896, "env_id": "Pendulum-v1"}
r,l,t
-1109.871818,200,1.485116
-1492.331545,200,1.799498
