#{"t_start": 1734272175.86016, "env_id": "Pendulum-v1"}
r,l,t
-1225.671121,200,1.634694
-1170.939492,200,2.213984
-1478.636573,200,2.7881
